Type,Slug,Production URL,SEO Title,SEO Description,Status
Post,61-b-corp-gift-ideas-for-green-friday,https://grounded.world/activating-brand-purpose-and-sustainability/61-b-corp-gift-ideas-for-green-friday/,61 B Corp Gift Ideas For Green Friday: Green Gift Guide,B Corps do it better. Purchase presents with purpose this Green Friday! See our ultimate list of B Corps for sustainable holiday shopping&gt;&gt;,Updated
Post,a-future-without-cigarettes-shouldnt-be-this-hard-jennifer-motles,https://grounded.world/activating-brand-purpose-and-sustainability/a-future-without-cigarettes-shouldnt-be-this-hard-jennifer-motles/,Brand Purpose: Definition; Examples; and How to Embed It,Learn what brand purpose is; why it matters; and how to embed it across strategy; culture; and customer experience—with world-class examples.,Updated
Post,articulating_brand_purpose_statements,https://grounded.world/featured/articulating_brand_purpose_statements/,Articulating Brand Purpose - Grounded,A strong purpose underpinned by a well articulated brand purpose statement can cause very large brand effects.,Updated
Post,avoid-greenwashing,https://grounded.world/activating-brand-purpose-and-sustainability/avoid-greenwashing/,Avoid Greenwashing: When Misleading Claims Ruin Brands,Learn how to avoid greenwashing with honest sustainability claims. Build trust and protect your brand from green PR disasters.,Updated
Post,b-corp-month-2023,https://grounded.world/featured/b-corp-month-2023/,B Corp Month - Grounded,B Corp Certification is more than just a mark; it’s a movement of people going beyond business as usual to make their company better for all people and the planet.,Updated
Post,back-to-school-supplies-where-retail-meets-responsibility,https://grounded.world/sustainability-marketing/back-to-school-supplies-where-retail-meets-responsibility/,Brand Purpose: Definition; Examples; and How to Embed It,Learn what brand purpose is; why it matters; and how to embed it across strategy; culture; and customer experience—with world-class examples.,Updated
Post,brand-activation-at-retail,https://grounded.world/brand-activation/retail-shopper/brand-activation-at-retail/,Brand Activation at Retail Guide | Purpose-Led Strategies,Master brand activation at retail and build loyalty; drive sales; and communicate sustainability authentically.,Updated
Post,brand-activation-strategy-transform-purpose-into-profit-through-meaningful-engagement,https://grounded.world/brand-purpose-agency/purpose-in-action/brand-activation-strategy-transform-purpose-into-profit-through-meaningful-engagement/,Brand Activation Strategy: A Purpose-Driven Engagement Guide,Learn how to build a brand activation strategy that drives engagement and proves purpose pays through meaningful experiences.,Updated
Post,brand-activation-strategy,https://grounded.world/brand-activation/strategy/brand-activation-strategy/,Brand Activation Strategy: Turning Purpose into Participation,Learn how a brand activation strategy connects purpose; experience; and results—building loyalty; awareness; and measurable engagement.,Updated
Post,brand-experience-strategy,https://grounded.world/brand-activation/strategy/brand-experience-strategy/,Brand Experience Strategy: How You Turn Touchpoints Into Trust,Learn how leading brands use experience strategy to build loyalty; drive growth; and create lasting emotional connections with customers.,Updated
Post,brand-identity,https://grounded.world/brand-purpose-agency/purpose-in-business/brand-identity/,Brand Identity: Definition; Elements; and How to Build One,Learn what brand identity means; why it matters; and how to build a strong visual and verbal brand identity that drives growth.,Updated
Post,brand-mission,https://grounded.world/brand-purpose-agency/foundations/brand-mission/,Brand Mission: Craft a Purpose-Driven Statement That Works,Learn how to create a powerful brand mission statement that drives purpose-led growth with expert insights and real examples.,Updated
Post,brand-purpose-agency-purpose-in-business-brand-identity,https://grounded.world/brand-purpose-agency/purpose-in-business/brand-purpose-agency-purpose-in-business-brand-identity/,Brand Identity: Definition; Elements; and How to Build One,Learn what brand identity means; and how to build a strong visual and verbal brand identity that drives trust; loyalty; and growth.,Updated
Post,brand-purpose-agency-purpose-in-business-marketing-campaigns,https://grounded.world/brand-purpose-agency/purpose-in-business/brand-purpose-agency-purpose-in-business-marketing-campaigns/,Brand Marketing Campaigns: Purpose-Driven Strategy Guide,Learn how to create brand marketing campaigns that build loyalty. Strategic insights and examples from purpose-led organizations.,Updated
Post,brand-purpose-examples,https://grounded.world/brand-purpose-agency/foundations/brand-purpose-examples/,Brand Purpose Examples: How Top Brands Drive Impact,Discover brand purpose examples from top companies that turn values into competitive advantage through authentic commitment.,Updated
Post,brand-storytelling-how-purpose-driven-narratives-build-commercial-value,https://grounded.world/template/brand-storytelling-how-purpose-driven-narratives-build-commercial-value/,Brand Storytelling Guide: Build Connection &amp; Value,Strategic framework for brand storytelling that creates emotional connections; drives loyalty; and translates purpose into market advantage.,Updated
Post,brand-values,https://grounded.world/brand-purpose-agency/foundations/brand-values/,Brand Values: Build Loyalty &amp; Drive Growth | Grounded,Learn how strong brand values drive customer loyalty; employee engagement; and business growth. Expert guide from a brand purpose agency.,Updated
Post,brand-vision,https://grounded.world/brand-purpose-agency/foundations/brand-vision/,Brand Vision: Definition; Examples; and a Practical Framework,A brand purpose agency&#039;s guide to learn how to write a strong brand vision; see world-class examples; and turn purpose into growth.,Updated
Post,bridging-the-intention-action-gap-in-sustainable-behavior,https://grounded.world/activating-brand-purpose-and-sustainability/bridging-the-intention-action-gap-in-sustainable-behavior/,Bridging the Intention-Action Gap in Sustainable Behavior | Insights,Recent reports published by Globescan; Kantar; Nielsen and Mintel offer a deep understanding for closing the intention-action gap.,Updated
Post,cancel-culture-in-climate,https://grounded.world/activating-brand-purpose-and-sustainability/cancel-culture-in-climate/,Brand Purpose: Definition; Examples; and How to Embed It,Learn what brand purpose is; why it matters; and how to embed it across strategy; culture; and customer experience—with world-class examples.,Updated
Post,cause-marketing-campaigns,https://grounded.world/brand-activation/partnerships-community/cause-marketing-campaigns/,Cause Marketing Campaigns Guide | Purpose-Driven Strategy,A leading brand activation agency&#039;s guide to creating cause marketing campaigns that create social impact while driving business growth,Updated
Post,cause-marketing,https://grounded.world/brand-purpose-agency/purpose-in-action/cause-marketing/,Cause Marketing Guide: Build Value Through Purpose Partnerships,Strategic framework for cause marketing that drives customer engagement; and social impact through authentic nonprofit partnerships,Updated
Post,cause-related-marketing,https://grounded.world/brand-activation/partnerships-community/cause-related-marketing/,Cause Related Marketing Guide | Purpose-Driven Partnerships,Learn how cause related marketing builds brand loyalty; drives business success; and creates lasting social impact through partnerships.,Updated
Post,circular-brand-activation-in-switzerland-how-qwstion-id-geneve-and-zuriga-are-building-regenerative-brands,https://grounded.world/activating-brand-purpose-and-sustainability/circular-brand-activation-in-switzerland-how-qwstion-id-geneve-and-zuriga-are-building-regenerative-brands/,Brand Purpose: Definition; Examples; and How to Embed It,Learn what brand purpose is; why it matters; and how to embed it across strategy; culture; and customer experience—with world-class examples.,Updated
Post,circular-cities-switzerland-urban-design-innovation,https://grounded.world/activating-brand-purpose-and-sustainability/circular-cities-switzerland-urban-design-innovation/,Brand Purpose: Definition; Examples; and How to Embed It,Learn what brand purpose is; why it matters; and how to embed it across strategy; culture; and customer experience—with world-class examples.,Updated
Post,circular-economy-in-switzerland,https://grounded.world/activating-brand-purpose-and-sustainability/circular-economy-in-switzerland/,Brand Purpose: Definition; Examples; and How to Embed It,Learn what brand purpose is; why it matters; and how to embed it across strategy; culture; and customer experience—with world-class examples.,Updated
Post,closing-the-intention-action-gap-why-good-intentions-arent-always-enough-during-earth-month,https://grounded.world/activating-brand-purpose-and-sustainability/closing-the-intention-action-gap-why-good-intentions-arent-always-enough-during-earth-month/,Intention-Action Gap: Earth Month Intentions Aren’t Enough,Closing the intention-action gap around Earth Month requires more than just good intentions. How can you close the gap even after Earth Day?,Updated
Post,community-engagement-strategy,https://grounded.world/brand-activation/partnerships-community/community-engagement-strategy/,Community Engagement Strategy Guide | Purpose-Driven,A leading brand activation agency&#039;s guide to mastering community engagement strategy through authentic relationships.,Updated
Post,company-culture,https://grounded.world/brand-purpose-agency/purpose-in-business/company-culture/,Company Culture: How to Build High-Performance Workplaces,Learn how to build strong company culture that drives retention; innovation; and performance &amp; creates positive workplace environments.,Updated
Post,convenience-without-conscience-the-sustainability-gap-in-grocery-delivery,https://grounded.world/sustainability-marketing/convenience-without-conscience-the-sustainability-gap-in-grocery-delivery/,Brand Purpose: Definition; Examples; and How to Embed It,Learn what brand purpose is; why it matters; and how to embed it across strategy; culture; and customer experience—with world-class examples.,Updated
Post,corporate-responsibility,https://grounded.world/brand-purpose-agency/purpose-in-business/corporate-responsibility/,Corporate Responsibility: Building Business Strategy with Impact,Corporate responsibility helps companies align purpose with performance through ethical; environmental; and social impact,Updated
Post,csr-strategy-build-corporate-social-responsibility-that-drives-purpose-and-profit,https://grounded.world/brand-purpose-agency/purpose-in-action/csr-strategy-build-corporate-social-responsibility-that-drives-purpose-and-profit/,CSR Strategy: How Responsible Brands Build Long-Term Value,Learn how to build a CSR strategy that drives social impact and profit through strategic corporate social responsibility.,Updated
Post,cultural-relevance,https://grounded.world/brand-purpose-agency/people-and-planet/cultural-relevance/,Cultural Relevance: Building Authentic Brand Connection,Learn how purpose-led brands build cultural relevance beyond demographics. Strategic frameworks for authentic engagement.,Updated
Post,customer-engagement-strategy,https://grounded.world/brand-activation/strategy/customer-engagement-strategy/,Building a Customer Engagement Strategy to Activate Your Brand,Learn how to design a customer engagement strategy that boosts loyalty and satisfaction; powered by purpose-driven brand activation.,Updated
Post,earth-day-campaigns,https://grounded.world/featured/earth-day-campaigns/,Earth Day Campaigns: Are They Really Closing the Gap?,This year; thousands of events took place around the world for Earth Day; but are these campaigns closing the intention-action gap?,Updated
Post,employee-satisfaction,https://grounded.world/brand-purpose-agency/people-and-planet/employee-satisfaction/,Employee Satisfaction: The Engine of Purpose-Driven Growth,Strategic framework for improving employee satisfaction. Research-backed insights for building engaged; high-performing teams.,Updated
Post,ep-1-journalism-shouldnt-be-this-hard,https://grounded.world/social-impact/ep-1-journalism-shouldnt-be-this-hard/,Brand Purpose: Definition; Examples; and How to Embed It,Learn what brand purpose is; why it matters; and how to embed it across strategy; culture; and customer experience—with world-class examples.,Updated
Post,ethical-practices,https://grounded.world/brand-purpose-agency/people-and-planet/ethical-practices/,Ethical Practices: Build Trust Through Leadership &amp; Action,Strategic guide to ethical practices that strengthen brand reputation; boost engagement; and drive business success through integrity.,Updated
Post,ethical-sourcing,https://grounded.world/brand-purpose-agency/people-and-planet/ethical-sourcing/,Ethical Sourcing: How To Build Integrity into Supply Chains,Discover how ethical ãnd purpose-led sourcing connects brand purpose with trust; transparency; and long-term growth.,Updated
Post,exploring-mental-health-and-culture,https://grounded.world/social-impact/exploring-mental-health-and-culture/,Exploring Mental Health and Culture - Grounded,,Updated
Post,fair-price-for-coffee-shouldnt-be-this-hard-bob-michelle-fish,https://grounded.world/activating-brand-purpose-and-sustainability/fair-price-for-coffee-shouldnt-be-this-hard-bob-michelle-fish/,Brand Purpose: Definition; Examples; and How to Embed It,Learn what brand purpose is; why it matters; and how to embed it across strategy; culture; and customer experience—with world-class examples.,Updated
Post,fighting-food-waste-shouldnt-be-this-hard,https://grounded.world/sustainability-marketing/fighting-food-waste-shouldnt-be-this-hard/,Brand Purpose: Definition; Examples; and How to Embed It,Learn what brand purpose is; why it matters; and how to embed it across strategy; culture; and customer experience—with world-class examples.,Updated
Post,gender-equality-5-ways-brands-can-take-action,https://grounded.world/activating-brand-purpose-and-sustainability/gender-equality-5-ways-brands-can-take-action/,Gender Equality: 5 Ways Brands Can Take Action - Grounded,Brands have a role to play in the fight for gender equality. Here are 5 ways your brand can help make a difference.,Updated
Post,get-grounded-in-the-plastic-reality-project-with-paloma-jacome,https://grounded.world/sustainability-marketing/get-grounded-in-the-plastic-reality-project-with-paloma-jacome/,Plastic Reality Project 2024 by Paloma Jacome,Get grounded in rePurpose Global&#039;s Plastic Reality Project in India with Paloma Jacome of Grounded. See circularity in action!,Updated
Post,going-circular-the-story-of-decathlon,https://grounded.world/activating-brand-purpose-and-sustainability/going-circular-the-story-of-decathlon/,Going Circular: The Story of Decathlon - Grounded,Decathlon are making moves to create a circular business model. Learn more about how they are creating products that can be fixed; rented or recycled &gt;&gt;,Updated
Post,green-friday-brand-activation-inspiring-sustainable-choices-instead-of-black-friday,https://grounded.world/activating-brand-purpose-and-sustainability/green-friday-brand-activation-inspiring-sustainable-choices-instead-of-black-friday/,Brand Purpose: Definition; Examples; and How to Embed It,Learn what brand purpose is; why it matters; and how to embed it across strategy; culture; and customer experience—with world-class examples.,Updated
Post,green-friday-the-sustainable-black-friday,https://grounded.world/featured/green-friday-the-sustainable-black-friday/,Green Friday - The Ethical Alternative to Black Friday (2025),While lucrative for brands and retailers; Black Friday is not profitable for our planet. Green Friday is a sustainable alternative.,Updated
Post,hello-world,,,,Skipped - no WP URL mapping
Post,how-social-innovation-is-closing-the-wellness-gap,https://grounded.world/activating-brand-purpose-and-sustainability/how-social-innovation-is-closing-the-wellness-gap/,How Social Innovation is Closing the Wellness Gap,What if the next breakthrough in wellness wasn’t a new drug or meditation app… but a socially intelligent AI companion?,Updated
Post,human-centered-marketing,https://grounded.world/brand-activation/strategy/human-centered-marketing/,Human Centered Marketing: Why People First Drives Growth,Discover how human centered marketing builds authentic connections and delivers business outcomes through empathy and purpose.,Updated
Post,impact-measurement,https://grounded.world/brand-purpose-agency/purpose-in-action/impact-measurement/,Impact Measurement: A Brand Purpose Agency&#039;s Guide,Learn how impact measurement helps purpose-driven brands strengthen strategy and close the intention-action gap through data-driven insights.,Updated
Post,integrated-marketing-strategy,https://grounded.world/brand-activation/strategy/integrated-marketing-strategy/,Integrated Marketing Strategy: Cohesion That Activates Brands,Learn how to design an integrated marketing strategy that unites messaging; channels; and purpose to build stronger brand activation.,Updated
Post,learn-about-composting-a-radical-act-of-mental-health-through-circularity,https://grounded.world/sustainability-marketing/learn-about-composting-a-radical-act-of-mental-health-through-circularity/,Composting Day: When Circularity Improves Mental Health,Celebrate &quot;Learn About Composting Day&quot; by discovering how composting enhances mental health and supports a circular lifestyle.,Updated
Post,making-earth-day-every-day-shouldnt-be-this-hard-kathleen-rogers,https://grounded.world/activating-brand-purpose-and-sustainability/making-earth-day-every-day-shouldnt-be-this-hard-kathleen-rogers/,Brand Purpose: Definition; Examples; and How to Embed It,Learn what brand purpose is; why it matters; and how to embed it across strategy; culture; and customer experience—with world-class examples.,Updated
Post,marketing-campaigns,https://grounded.world/brand-purpose-agency/purpose-in-business/marketing-campaigns/,Brand Marketing Campaigns: Purpose-Driven Strategy Guide,Learn how to create brand marketing campaigns that build awareness and loyalty. Strategic insights from purpose-led organizations.,Updated
Post,mental-health-meets-marketing,https://grounded.world/activating-brand-purpose-and-sustainability/mental-health-meets-marketing/,When Mental Health Meets Marketing: Moment or Movement?,The question is no longer “Should we say something?” It’s “Are we saying anything meaningful AND are we backing it with action?”,Updated
Post,mission-values,https://grounded.world/brand-purpose-agency/purpose-in-business/mission-values/,Mission &amp; Values: Definitions; Examples; and How to Apply Them,Learn how mission &amp; values shape strategy; culture; and performance—plus a practical process to write; embed; and measure.,Updated
Post,plastic-free-july-unoc3-insights,https://grounded.world/activating-brand-purpose-and-sustainability/plastic-free-july-unoc3-insights/,Plastic Free July: UNOC3 Insights Brands Can’t Afford to Ignore,Explore the significance of Plastic Free July in tackling plastic waste and the impact of recent global climate discussions.,Updated
Post,pride-2025-beige-pride-pinkhushing-brand-activism-at-its-best,https://grounded.world/activating-brand-purpose-and-sustainability/pride-2025-beige-pride-pinkhushing-brand-activism-at-its-best/,Pride 2025: Beige Pride; Pinkhushing &#038; Brand Activism at its Best - Grounded,,Updated
Post,purpose-driven-brands-why-consumer-demand-for-values-is-reshaping-business-strategy,https://grounded.world/brand-purpose-agency/foundations/purpose-driven-brands-why-consumer-demand-for-values-is-reshaping-business-strategy/,Purpose-Driven Brands: Values-Based Strategy for Growth,Purpose-driven brands grow faster than profit-focused competitors. Learn how values-based strategy builds loyalty &amp; drives growth.,Updated
Post,purpose-driven-companies,https://grounded.world/brand-purpose-agency/purpose-in-business/purpose-driven-companies/,Purpose Driven Companies: A Brand Purpose Agency&#039;s Roadmap,What purpose driven companies do differently—and how leaders embed purpose to drive growth; engagement; and measurable impact.,Updated
Post,purpose-driven-leadership-with-matthew-mccarthy,https://grounded.world/featured/purpose-driven-leadership-with-matthew-mccarthy/,Purpose-Driven Leadership with Matthew McCarthy - Grounded,In this interview with former Ben and Jerry&#039;s CEO; Matthew McCarthy; we explore Purpose-Driven Leadership and what &#039;Democratizing Courageous Leadership’ means.,Updated
Post,purpose-driven-marketing,https://grounded.world/brand-activation/strategy/purpose-driven-marketing/,Purpose-Driven Marketing: The New Standard for Brand Activation,Discover how purpose-driven marketing builds brand loyalty and impact through authentic storytelling and measurable purpose activation.,Updated
Post,retail-activation,https://grounded.world/brand-activation/retail-shopper/retail-activation/,Retail Activation: Transform your Store Into an Experience,Learn retail activation strategies that drive foot traffic; build brand loyalty; and create memorable experiences aligned with your values.,Updated
Post,retail-marketing-campaigns,https://grounded.world/brand-activation/retail-shopper/retail-marketing-campaigns/,Retail Marketing Campaigns Guide | Purpose-Led Strategies,Master retail marketing campaigns that blend digital innovation; in-store experiences; and sustainability to drive engagement and sales.,Updated
Post,shopper-behaviour-insights,https://grounded.world/brand-activation/retail-shopper/shopper-behaviour-insights/,Shopper Behaviour Insights Guide | Data-Driven Strategy,Unlock shopper behaviour insights that reveal why customers buy; how to meet expectations; and strategies that drive loyalty and sales.,Updated
Post,shopper-marketing,https://grounded.world/brand-activation/retail-shopper/shopper-marketing/,Shopper Marketing: Turn Retail Moments Into Lasting Impact,Master shopper marketing tactics that influence behavior; drive sales; and align retail experiences with your brand&#039;s sustainability values.,Updated
Post,social-impact-campaigns,https://grounded.world/brand-purpose-agency/purpose-in-action/social-impact-campaigns/,Social Impact Campaigns: A Practical Playbook for Action,Design social impact campaigns that convert awareness into action. Learn from a brand purpose agency focused on results.,Updated
Post,stakeholder-engagement-strategy,https://grounded.world/brand-activation/partnerships-community/stakeholder-engagement-strategy/,Stakeholder Engagement Strategy Guide | Purpose-Driven,Master stakeholder engagement strategy through mapping; communication planning; and meaningful relationships that drive project success.,Updated
Post,stopping-plastic-pollution-shouldnt-be-this-hard-david-katz,https://grounded.world/sustainability-marketing/stopping-plastic-pollution-shouldnt-be-this-hard-david-katz/,Brand Purpose: Definition; Examples; and How to Embed It,Learn what brand purpose is; why it matters; and how to embed it across strategy; culture; and customer experience—with world-class examples.,Updated
Post,sustainability-buzzwords,https://grounded.world/sustainability-marketing/sustainability-buzzwords/,Sustainability Buzzwords - Grounded,There are a lot of sustainability buzzwords floating around today. Using them correctly can gain consumer trust; but can backfire if wrong.,Updated
Post,sustainability-communication,https://grounded.world/brand-purpose-agency/sustainability-communication/sustainability-communication/,Sustainability Communication: Build Trust Through Action,The Grounded guide to sustainability communication that builds stakeholder trust; avoids greenwashing; and drives impact through storytelling,Updated
Post,sustainability-initiatives,https://grounded.world/brand-purpose-agency/people-and-planet/sustainability-initiatives/,Sustainability Initiatives: A Strategic Guide to Environmental Impact,Strategic guide to sustainability initiatives that reduce carbon emissions; strengthen brands; and create measurable impact.,Updated
Post,sustainability-market-research,https://grounded.world/brand-activation/retail-shopper/sustainability-market-research/,Sustainability Market Research: Turn Purpose Into Performance,Discover how sustainability market research delivers insights that align consumer demand with environmental goals and drive growth.,Updated
Post,sustainable-fashion-4-ways-fashion-brands-can-be-more-sustainable,https://grounded.world/featured/sustainable-fashion-4-ways-fashion-brands-can-be-more-sustainable/,4 Ways Fashion Brands Can Be More Sustainable,Sustainable fashion aims to create a more responsible and ethical fashion industry committed to creating positive impact.,Updated
Post,sustainable-holiday-tips-reducing-waste-during-the-most-wonderful-excessive-time-of-the-year,https://grounded.world/activating-brand-purpose-and-sustainability/sustainable-holiday-tips-reducing-waste-during-the-most-wonderful-excessive-time-of-the-year/,Sustainable Holiday Tips: Cut Waste This Festive Season,Sustainable holiday tips to reduce waste and celebrate mindfully during the most “wonderful (and excessive)” time of year.,Updated
Post,the-unlikely-connection-between-poetry-and-advertising,https://grounded.world/brand-activism-and-storytelling/the-unlikely-connection-between-poetry-and-advertising/,The Power of Brand Poetry in Advertising | Grounded World,Read about the unlikely connection between poetry and advertising and how embedding poetry in your company’s mission can help activate your brand purpose.,Updated
Post,top-5-brands-helping-keep-our-oceans-clean-plastic-free,https://grounded.world/sustainability/top-5-brands-helping-keep-our-oceans-clean-plastic-free/,The Top 5 Brands Keeping Our Oceans Plastic-Free,Explore the significance of Plastic-Free July and discover the top brands championing a plastic-free future like Grove Collaborative.,Updated
Post,understanding-activating-brand-purpose-in-retail,https://grounded.world/activating-brand-purpose-and-sustainability/understanding-activating-brand-purpose-in-retail/,Understanding &#038; Activating Brand Purpose in Retail - Grounded,,Updated
Post,understanding-brand-purpose,https://grounded.world/brand-purpose-agency/foundations/understanding-brand-purpose/,Brand Purpose: The Foundation That Drives Profit and Impact,Learn what brand purpose is; why it matters; and how to embed it across strategy; culture; and customer experience—with world-class examples.,Updated
Post,universal-flourishing-shouldnt-be-this-hard-karimah-huddah,https://grounded.world/activating-brand-purpose-and-sustainability/universal-flourishing-shouldnt-be-this-hard-karimah-huddah/,Brand Purpose: Definition; Examples; and How to Embed It,Learn what brand purpose is; why it matters; and how to embed it across strategy; culture; and customer experience—with world-class examples.,Updated
Post,value-brand-authenticity,https://grounded.world/featured/value-brand-authenticity/,The Value of Brand Authenticity | Grounded World,Balancing purpose and profit through the Belief; Purpose; Pursuit model can help you achieve brand authenticity and anchor brand ambition.,Updated
Post,what-is-circular-fashion-the-future-of-fashion,https://grounded.world/activating-brand-purpose-and-sustainability/what-is-circular-fashion-the-future-of-fashion/,What is Circular Fashion? The Future of Fashion - Grounded,Discover how circular fashion is reshaping the industry; turning sustainability into a commercial advantage. See best-in-class case studies..,Updated
Post,what-social-justice-means,https://grounded.world/featured/what-social-justice-means/,What Social Justice Means - Grounded,Ultimate guide including social justice definition and examples. Learn the social justice principles and common human rights issues.,Updated
Post,what-the-eus-sustainability-reporting-directves-mean-for-your-business-csrd-cs3d,https://grounded.world/activating-brand-purpose-and-sustainability/what-the-eus-sustainability-reporting-directves-mean-for-your-business-csrd-cs3d/,CSRD: Understanding New EU Sustainability Regulations,How does the changes to EU&#039;s sustainability reporting directives impact your business? We unpack CSRD; CSDDD and more in this article!,Updated
Post,worst-examples-of-queerbaiting-best-examples-of-pride-month-marketing,https://grounded.world/activism/worst-examples-of-queerbaiting-best-examples-of-pride-month-marketing/,Pride &#038; Purpose: Queerbaiting and Pride Month Marketing,Explore queerbaiting in marketing during Pride season; and examples of brands failing and succeeding in supporting the LGBTQ+ community.,Updated
Post,z-impact-measurement-test,https://grounded.world/brand-purpose-agency/foundations/z-impact-measurement-test/,Impact Measurement: A Brand Purpose Agency&#039;s Guide,Learn how impact measurement helps purpose-driven brands strengthen strategy and close the intention-action gap through data-driven insights.,Updated
Work,fresh-air-fund,https://grounded.world/our-work/our-work-fresh-air-fund/,The Fresh Air Fund Impact Case Study | Grounded World,Explore how Grounded partnered with The Fresh Air Fund to boost camp enrollment; engage donors; and contemporize their story. Learn more.,Updated
Work,interdesign,https://grounded.world/our-work/our-work-interdesign/,iDesign Sustainability Marketing Case Study | Grounded World,See why iDesign hired Grounded to articulate their new brand purpose and craft a sustainability marketing campaign.,Updated
Work,lycra-qira-farm-to-fiber-vr-tour,https://grounded.world/our-work/our-work_lycra_qira-farm-to-fiber-vr-tour/,LYCRA Sustainability Marketing Case Study | Grounded World,See how Grounded World helped Lycra build a sustainability marketing campaign for their new circular innovation. Explore the full case study.,Updated
Work,lycra-qira-farm-to-fiber,https://grounded.world/our-work/our-work_lycra_qira-farm-to-fiber/,LYCRA Sustainability Marketing Case Study | Grounded World,See how Grounded World helped Lycra build a sustainability marketing campaign for their new circular innovation. Explore the full case study.,Updated
Work,lycra-qira-farmer-docuseries,https://grounded.world/our-work/our-work_lycra_qira-farmer-docuseries/,LYCRA Sustainability Marketing Case Study | Grounded World,See how Grounded World helped Lycra build a sustainability marketing campaign for their new circular innovation. Explore the full case study.,Updated
Work,lycra-qira-transforming-field-corn-to-fiber,https://grounded.world/our-work/our-work_lycra_qira-transforming-field-corn-to-fiber/,LYCRA Sustainability Marketing Case Study | Grounded World,See how Grounded World helped Lycra build a sustainability marketing campaign for their new circular innovation. Explore the full case study.,Updated
Work,lycra,https://grounded.world/our-work/our-work-lycra/,LYCRA Sustainability Marketing Case Study | Grounded World,See how Grounded World helped Lycra build a sustainability marketing campaign for their new circular innovation. Explore the full case study.,Updated
Work,marys-center,https://grounded.world/our-work/our-work-marys-center/,Mary&#039;s Center Brand Purpose Case Study | Grounded World,See how Grounded World; a non-profit marketing agency; helped Mary&#039;s center articulate their brand purpose and create a new brand.,Updated
Work,mule-men,https://grounded.world/our-work/our-work-_mule-men/,The ReUnited States Social Impact Case Study | Grounded World,See how Grounded helped The ReUnited States documentary accelerate their social impact. Explore the case study.,Updated
Work,network-of-executive-women,https://grounded.world/our-work/our-work-network-of-executive-women/,Network of Executive Women Impact Case Study | Grounded,Discover how Grounded; a social impact marketing agency; revitalized the Network of Executive Women&#039;s brand. Click to see more.,Updated
Work,onesight,https://grounded.world/our-work/our-work-onesight/,One Sight Brand Purpose Case Study | Grounded World,See how Grounded World helped One Sight unlock brand purpose with a social impact marketing campaign. Explore the full case study.,Updated
Work,plan-x-unsplash,https://grounded.world/our-work/our-work-plan-x-unsplash/,Plan USA x Unsplash Social Impact Case Study | Grounded World,Discover how Grounded; a social impact agency; partnered Plan International USA with Unsplash to reshape the media representation of girls.,Updated
Work,points4purpose,https://grounded.world/our-work/our-work-points4purpose/,Points4Purpose Social Impact Case Study | Grounded World,Learn how Grounded; a social impact agency; helped Points4Purpose articulate and craft a resonating brand purpose narrative. Learn more.,Updated
Work,qira,https://grounded.world/our-work/our-work_qira/,LYCRA Sustainability Marketing Case Study | Grounded World,See how Grounded World helped Lycra build a sustainability marketing campaign for their new circular innovation. Explore the full case study.,Updated
Work,regeneration-sustainability-marketing-case-study-grounded-world,https://grounded.world/our-work/regeneration-sustainability-marketing-case-study-grounded-world/,Re-Generation Sustainability Marketing Case Study | Grounded,See how Grounded launched ReGeneration&#039;s eco-friendly bags and cookware with a compelling sustainability campaign. Explore the case study,Updated
Work,safeground,https://grounded.world/our-work/our-work-safeground/,Safe Ground Social Impact Campaign | Grounded World,See how Grounded helped the United Nations Mine Action Service develop the Safe Ground social impact campaign.,Updated
Work,she-should-run,https://grounded.world/our-work/our-work-she-should-run/,She Should Run: Social Impact Case Study | Grounded World,See how Grounded World helped She Should Run unlock social impact and build awareness. Explore the full case study.,Updated
Work,slumberland-ergo-smart-base,https://grounded.world/our-work/our-work-_slumberland-ergo-smart-base/,Slumberland + Ergo Smart Base: Stop Stressing. Start Sleeping,See how Grounded helped The ReUnited States documentary accelerate their social impact. Explore the case study.,Updated
Work,slumberland-tsi,https://grounded.world/our-work/our-work-_slumberland-tsi/,The ReUnited States Social Impact Case Study | Grounded World,See how Grounded helped The ReUnited States documentary accelerate their social impact. Explore the case study.,Updated
Work,tempur-sealy-ashley-furniture,https://grounded.world/our-work/our-work-_tempur-sealy-ashley-furniture/,The ReUnited States Social Impact Case Study | Grounded World,See how Grounded helped The ReUnited States documentary accelerate their social impact. Explore the case study.,Updated
Work,the-lycra-company,https://grounded.world/our-work/our-work_the-lycra-company/,LYCRA Sustainability Marketing Case Study | Grounded World,See how Grounded World helped Lycra build a sustainability marketing campaign for their new circular innovation. Explore the full case study.,Updated
Work,tree-free,https://grounded.world/our-work/our-work-tree-free/,Tree Free Sustainable Marketing Case Study | Grounded World,Discover how Grounded; a sustainable design agency; partnered with Tree Free Greetings to launch a sustainable marketing campaign.,Updated
Work,tribes-on-the-edge,https://grounded.world/our-work/our-work-tribes-on-the-edge/,Tribes on the Edge Documentary Case Study | Grounded World,See how Grounded World helped the Tribes on the Edge documentary team develop a marketing campaign to accelerate their social impact.,Updated
Work,unbeelievables-sustainability-case-study-grounded-world,https://grounded.world/our-work/unbeelievables-sustainability-case-study-grounded-world/,UnBEElievables Retail Activation Case Study | Grounded World,See how Grounded World created a sustainability marketing program and loyalty campaign for UnBEElievables. Explore the full case study.,Updated
Work,wasu,https://grounded.world/our-work/our-work_wasu/,WASU Brand Purpose Case Study | Grounded World,See how Grounded World helped Wasu create their brand identity; articulate their brand purpose and design their sustainable packaging.,Updated
Work,whistlepig-pit-viper,https://grounded.world/our-work/our-work_whistlepig-pit-viper/,WhistlePig Boss Hog Packaging Innovation | Grounded World,Explore how Grounded; a boutique creative agency; elevated WhistlePig&#039;s limited and luxury whiskey with innovative packaging design.,Updated
Work,whistlepig,https://grounded.world/our-work/our-work-whistlepig/,WhistlePig Boss Hog Packaging Innovation | Grounded World,Explore how Grounded; a boutique creative agency; elevated WhistlePig&#039;s limited and luxury whiskey with innovative packaging design.,Updated
